album_id,storage_path,alt_text,download_name,sort_order,is_member_only
wp-archive-2025,assets/migrated-uploads/2025/08/business-04.jpg,business-04.jpg,business-04.jpg,0,false
wp-archive-2025,assets/migrated-uploads/2025/08/img-02.jpg,img-02.jpg,img-02.jpg,1,false
wp-archive-2025,assets/migrated-uploads/2025/08/Taunet-Nelel-landing-page.jpg,Taunet-Nelel-landing-page.jpg,Taunet-Nelel-landing-page.jpg,2,false
wp-archive-2025,assets/migrated-uploads/2025/09/02.png,02.png,02.png,3,false
wp-archive-2025,assets/migrated-uploads/2025/09/03.png,03.png,03.png,4,false
wp-archive-2025,assets/migrated-uploads/2025/09/About-taunet.jpeg,About-taunet.jpeg,About-taunet.jpeg,5,false
wp-archive-2025,assets/migrated-uploads/2025/09/Caroline-Yego.jpeg,Caroline-Yego.jpeg,Caroline-Yego.jpeg,6,false
wp-archive-2025,assets/migrated-uploads/2025/09/Celebration.jpg,Celebration.jpg,Celebration.jpg,7,false
wp-archive-2025,assets/migrated-uploads/2025/09/Dennis-Kirwa.jpeg,Dennis-Kirwa.jpeg,Dennis-Kirwa.jpeg,8,false
wp-archive-2025,assets/migrated-uploads/2025/09/Dennis-Melly.jpeg,Dennis-Melly.jpeg,Dennis-Melly.jpeg,9,false
wp-archive-2025,assets/migrated-uploads/2025/09/Felix-Kogei.jpeg,Felix-Kogei.jpeg,Felix-Kogei.jpeg,10,false
wp-archive-2025,assets/migrated-uploads/2025/09/Join-events.jpg,Join-events.jpg,Join-events.jpg,11,false
wp-archive-2025,assets/migrated-uploads/2025/09/Kalenjin-Culture-landing.jpg,Kalenjin-Culture-landing.jpg,Kalenjin-Culture-landing.jpg,12,false
wp-archive-2025,assets/migrated-uploads/2025/09/Kennedy-Chumba.jpeg,Kennedy-Chumba.jpeg,Kennedy-Chumba.jpeg,13,false
wp-archive-2025,assets/migrated-uploads/2025/09/Lidya-Kiplagat.jpeg,Lidya-Kiplagat.jpeg,Lidya-Kiplagat.jpeg,14,false
wp-archive-2025,assets/migrated-uploads/2025/09/Nick-Boit.jpeg,Nick-Boit.jpeg,Nick-Boit.jpeg,15,false
wp-archive-2025,assets/migrated-uploads/2025/09/R.png,R.png,R.png,16,false
wp-archive-2025,assets/migrated-uploads/2025/09/Ronnie-Kipter.jpeg,Ronnie-Kipter.jpeg,Ronnie-Kipter.jpeg,17,false
wp-archive-2025,assets/migrated-uploads/2025/09/Ruto-Mangusho.jpeg,Ruto-Mangusho.jpeg,Ruto-Mangusho.jpeg,18,false
wp-archive-2025,assets/migrated-uploads/2025/09/Sandra-Boinet.jpeg,Sandra-Boinet.jpeg,Sandra-Boinet.jpeg,19,false
wp-archive-2025,assets/migrated-uploads/2025/09/Sharon-Ngetich.jpeg,Sharon-Ngetich.jpeg,Sharon-Ngetich.jpeg,20,false
wp-archive-2025,assets/migrated-uploads/2025/09/Taunet-ceremony.jpg,Taunet-ceremony.jpg,Taunet-ceremony.jpg,21,false
wp-archive-2025,assets/migrated-uploads/2025/09/Taunet-nelel-events.png,Taunet-nelel-events.png,Taunet-nelel-events.png,22,false
wp-archive-2025,assets/migrated-uploads/2025/10/2025-10-04-05_52_49-Downloads-File-Explorer.png,2025-10-04-05_52_49-Downloads-File-Explorer.png,2025-10-04-05_52_49-Downloads-File-Explorer.png,23,false
wp-archive-2025,assets/migrated-uploads/2025/10/Beauty-Pageant-show.jpeg,Beauty-Pageant-show.jpeg,Beauty-Pageant-show.jpeg,24,false
wp-archive-2025,assets/migrated-uploads/2025/10/Betty-Langat-Vice-Chair-Lady.jpg,Betty-Langat-Vice-Chair-Lady.jpg,Betty-Langat-Vice-Chair-Lady.jpg,25,false
wp-archive-2025,assets/migrated-uploads/2025/10/Brenda-Bor.jpeg,Brenda-Bor.jpeg,Brenda-Bor.jpeg,26,false
wp-archive-2025,assets/migrated-uploads/2025/10/COMMUNITY-INVITE-–-TAUNET-NELEL-VOLLEYBALL-TOURNAMENT.jpeg,COMMUNITY-INVITE-–-TAUNET-NELEL-VOLLEYBALL-TOURNAMENT.jpeg,COMMUNITY-INVITE-–-TAUNET-NELEL-VOLLEYBALL-TOURNAMENT.jpeg,27,false
wp-archive-2025,assets/migrated-uploads/2025/10/Dismus-Kiprop.jpeg,Dismus-Kiprop.jpeg,Dismus-Kiprop.jpeg,28,false
wp-archive-2025,assets/migrated-uploads/2025/10/IMG-20211212-WA0071.jpg,IMG-20211212-WA0071.jpg,IMG-20211212-WA0071.jpg,29,false
wp-archive-2025,assets/migrated-uploads/2025/10/IMG-20250713-WA0033.jpg,IMG-20250713-WA0033.jpg,IMG-20250713-WA0033.jpg,30,false
wp-archive-2025,assets/migrated-uploads/2025/10/IMG-20250713-WA0034.jpg,IMG-20250713-WA0034.jpg,IMG-20250713-WA0034.jpg,31,false
wp-archive-2025,assets/migrated-uploads/2025/10/IMG-20250713-WA0036.jpg,IMG-20250713-WA0036.jpg,IMG-20250713-WA0036.jpg,32,false
wp-archive-2025,assets/migrated-uploads/2025/10/IMG-20250713-WA0040.jpg,IMG-20250713-WA0040.jpg,IMG-20250713-WA0040.jpg,33,false
wp-archive-2025,assets/migrated-uploads/2025/10/kalenjin-language-classes.jpg,kalenjin-language-classes.jpg,kalenjin-language-classes.jpg,34,false
wp-archive-2025,assets/migrated-uploads/2025/10/Membership.jpg,Membership.jpg,Membership.jpg,35,false
wp-archive-2025,assets/migrated-uploads/2025/10/Taunet-Leadership-Team-Meet-up.jpeg,Taunet-Leadership-Team-Meet-up.jpeg,Taunet-Leadership-Team-Meet-up.jpeg,36,false
wp-archive-2025,assets/migrated-uploads/2025/10/Taunet-mens-affairs.jpg,Taunet-mens-affairs.jpg,Taunet-mens-affairs.jpg,37,false
wp-archive-2025,assets/migrated-uploads/2025/10/TAUNET-NELE-GALA.jpg,TAUNET-NELE-GALA.jpg,TAUNET-NELE-GALA.jpg,38,false
wp-archive-2025,assets/migrated-uploads/2025/10/Taunet-Nele-Men-camp-fire.jpeg,Taunet-Nele-Men-camp-fire.jpeg,Taunet-Nele-Men-camp-fire.jpeg,39,false
wp-archive-2025,assets/migrated-uploads/2025/10/TAUNET-NELEL-GALA-2.png,TAUNET-NELEL-GALA-2.png,TAUNET-NELEL-GALA-2.png,40,false
wp-archive-2025,assets/migrated-uploads/2025/10/Taunet-Nelel-Gala.png,Taunet-Nelel-Gala.png,Taunet-Nelel-Gala.png,41,false
wp-archive-2025,assets/migrated-uploads/2025/10/Taunet-Nelel-landing-page-Cropped.jpg,Taunet-Nelel-landing-page-Cropped.jpg,Taunet-Nelel-landing-page-Cropped.jpg,42,false
wp-archive-2025,assets/migrated-uploads/2025/10/WhatsApp-Image-2025-10-02-at-13.40.24.jpeg,WhatsApp-Image-2025-10-02-at-13.40.24.jpeg,WhatsApp-Image-2025-10-02-at-13.40.24.jpeg,43,false
wp-archive-2025,assets/migrated-uploads/2025/10/WhatsApp-Image-2025-10-02-at-14.04.38.jpeg,WhatsApp-Image-2025-10-02-at-14.04.38.jpeg,WhatsApp-Image-2025-10-02-at-14.04.38.jpeg,44,false
wp-archive-2025,assets/migrated-uploads/2025/10/WhatsApp-Image-2025-10-02-at-14.32.16.jpeg,WhatsApp-Image-2025-10-02-at-14.32.16.jpeg,WhatsApp-Image-2025-10-02-at-14.32.16.jpeg,45,false
wp-archive-2025,assets/migrated-uploads/2025/10/WhatsApp-Image-2025-10-02-at-14.47.08.jpeg,WhatsApp-Image-2025-10-02-at-14.47.08.jpeg,WhatsApp-Image-2025-10-02-at-14.47.08.jpeg,46,false
wp-archive-2025,assets/migrated-uploads/2025/10/Youre-Invited-–-Mr-Miss-Taunet-2025.jpeg,Youre-Invited-–-Mr-Miss-Taunet-2025.jpeg,Youre-Invited-–-Mr-Miss-Taunet-2025.jpeg,47,false
wp-archive-2025,assets/migrated-uploads/2025/10/youth-award.jpg,youth-award.jpg,youth-award.jpg,48,false
wp-archive-2025,assets/migrated-uploads/2025/11/Taunet-Beauty-Peagant-landing.jpg,Taunet-Beauty-Peagant-landing.jpg,Taunet-Beauty-Peagant-landing.jpg,49,false
wp-archive-2025,assets/migrated-uploads/2025/11/Taunet-Beauty-Peagant.jpg,Taunet-Beauty-Peagant.jpg,Taunet-Beauty-Peagant.jpg,50,false
wp-archive-2025,assets/migrated-uploads/2025/11/TN-beauty-peagant.jpg,TN-beauty-peagant.jpg,TN-beauty-peagant.jpg,51,false
wp-archive-2026,assets/migrated-uploads/2026/01/Taunet-Nelel-Galla.jpg,Taunet-Nelel-Galla.jpg,Taunet-Nelel-Galla.jpg,0,false
